Date,AAPL,MSFT,SPY
2021-05-19,,,
2021-05-20,1.021012095554447,1.0138202151725446,1.0107580011211785
2021-05-21,1.005934944973328,1.0084320266268616,1.0099302790484281
2021-05-24,1.0193279290608734,1.0315071566477687,1.0202258278393759
2021-05-25,1.0177239848848096,1.03537349140966,1.0179624755920207
2021-05-26,1.0173229360690272,1.034427528867323,1.0199826327876396
2021-05-27,1.0047317985259807,1.0254607880384812,1.0205180913498828
2021-05-28,0.9993583470034547,1.0269826418222725,1.0223432471501923
2021-06-01,0.9967117637868298,1.01760445688268,1.021442836955373
2021-06-02,1.0029675352584304,1.0171930780287277,1.023049133114617
2021-06-03,0.9907771326723339,1.0106531070001359,1.0192520933026008
2021-06-04,1.0096241044587477,1.031548072660051,1.0285741461392308
2021-06-07,1.0097040756891917,1.0439700304240243,1.0275764738292141
2021-06-08,1.0164408044352522,1.0388696896138716,1.0277952539427937
2021-06-09,1.0195685960134027,1.0430651796643635,1.0262619640155621
2021-06-10,1.0113883049545314,1.0580784196160893,1.0310324997818958
2021-06-11,1.021333047596252,1.0607519906259915,1.0327362966387945
2021-06-14,1.0464352886801347,1.0689782625690794,1.035048558289949
2021-06-15,1.0396984343905413,1.0626850274933417,1.0331500781476837
2021-06-16,1.0437887682352762,1.0586541803439482,1.02738155196139
2021-06-17,1.0569412109138252,1.0731326408368949,1.027041015266971
2021-06-18,1.0462746557298157,1.0670860764572139,1.0131857366817905
2021-06-21,1.0610311681279616,1.0802486988773352,1.0276905957714122
2021-06-22,1.0745047511636154,1.0920945696294604,1.0331845930765438
2021-06-23,1.0722589029039407,1.0911074300476493,1.0319391926480974
2021-06-24,1.0699334600444206,1.096947978716365,1.0380439610445744
2021-06-25,1.067527418236792,1.0900788523991727,1.0417311733986285
2021-06-28,1.0809207789549362,1.105297586007481,1.043831255717529
2021-06-29,1.0933518484935618,1.1163214168764783,1.0443929583501035
2021-06-30,1.0984040968872164,1.114264261579525,1.0452719756512285
2021-07-01,1.1008906120994204,1.1171436525299996,1.0510593498516692
2021-07-02,1.122463761702304,1.1420284188134304,1.059092898362521
2021-07-06,1.1389847884550661,1.1420700526504897,1.057163720610717
2021-07-07,1.1594353277869447,1.1514066037530228,1.0609000014235421
2021-07-08,1.148769023690001,1.1410828478118809,1.0522556818213449
2021-07-09,1.1637660774971432,1.1432214435926114,1.0634882234506036
2021-07-12,1.1588740226514422,1.140671338444333,1.0672977490778985
2021-07-13,1.168016479346299,1.1557256901787347,1.063659287072672
2021-07-14,1.1961661013755231,1.1620186642272807,1.0652464966353112
2021-07-15,1.1907930892553622,1.1559311185785193,1.061608193685056
2021-07-16,1.1740316466371368,1.1547797276363976,1.0532811092239236
2021-07-19,1.14243321821619,1.1393962206133956,1.0377264873210519
2021-07-20,1.1721069387345668,1.148897871414612,1.0525974909555373
2021-07-21,1.166091896987262,1.1574530376191083,1.0611197358669513
2021-07-22,1.1773196317632413,1.1769498111272498,1.063341972404121
2021-07-23,1.1914348677954405,1.1914691876324794,1.0742814552480144
2021-07-26,1.1948832975565644,1.1889188214570094,1.0769187457338474
2021-07-27,1.1770792158977779,1.1785951960294632,1.0720105478895035
2021-07-28,1.1627233129130494,1.1772788359022541,1.0715708404202264
2021-07-29,1.1680164793462993,1.1784304878715672,1.0760152339670799
2021-07-30,1.1697808681573825,1.1718907126133686,1.0707896419266996
2021-08-02,1.1670543137103135,1.1715205760556884,1.068543229033831
2021-08-03,1.1818109516519923,1.1809805930198456,1.077236060402398
2021-08-04,1.1785229665258878,1.1784715996542432,1.0719373030750337
2021-08-05,1.1794047843008308,1.1908521193515509,1.0787256897398965
2021-08-06,1.1737826938114377,1.1906055791690902,1.0805084573902464
2021-08-09,1.1733812055932902,1.1859575984819701,1.0796295196166072
2021-08-10,1.1694454158375294,1.1781834256347234,1.080972182160251
2021-08-11,1.171533455876375,1.1802813011735651,1.0836584615773686
2021-08-12,1.1958704463555927,1.1920451441307316,1.086905807407174
2021-08-13,1.1975571237198237,1.2045495212304507,1.0888840536177489
2021-08-16,1.2137813655608594,1.2117473460386579,1.091447860706654
2021-08-17,1.206311650898084,1.2054952227455962,1.0842932499694413
2021-08-18,1.1755495934931781,1.1981187248247427,1.072425681365652
2021-08-19,1.178280416420365,1.223009886274368,1.0740862152702473
2021-08-20,1.1902478536920682,1.2542886441294918,1.0826326365373604
2021-08-23,1.2024565856339648,1.2554841486669925,1.0921562120231403
2021-08-24,1.201733454884581,1.2471178356356147,1.0938897521597477
2021-08-25,1.1916131396121288,1.2446044048077554,1.0961851539839014
2021-08-26,1.1850271258772898,1.2325706597344805,1.0897142410425606
2021-08-27,1.1935413627336195,1.2351672277228627,1.0994572328618069
2021-08-30,1.229845162766876,1.2511155975884738,1.1042922654191667
2021-08-31,1.2194841805418943,1.2440681244426253,1.1026559873977566
2021-09-01,1.2249454497656693,1.243862435015649,1.1032421844959737
2021-09-02,1.2341023439668073,1.241060047086695,1.1066366561746055
2021-09-03,1.2393229462380528,1.2410190658176146,1.1063676942174532
2021-09-07,1.2585194312200016,1.237062807188219,1.1024119970711617
2021-09-08,1.245828737655382,1.237186403563439,1.1010690164175747
2021-09-09,1.2374754476082033,1.224988080845864,1.0963562176059698
2021-09-10,1.1965128526133353,1.2186413351958496,1.0877118980037725
2021-09-13,1.201171270944348,1.2239163031971787,1.0904957576460308
2021-09-14,1.1896856697518352,1.2354555322559786,1.0846107236929636
2021-09-15,1.196994814236058,1.25618448462204,1.0936701767713095
2021-09-16,1.1950669677451662,1.2578330018505526,1.0919363185247586
2021-09-17,1.173140036466629,1.2357850790853662,1.0812999149294482
2021-09-20,1.1480805429556917,1.2128307393973694,1.0632699205019394
2021-09-21,1.1520162071679196,1.2148911575342172,1.0622654088281394
2021-09-22,1.1714534846459308,1.2304689993013609,1.0726278402346887
2021-09-23,1.1793246875268535,1.2345077425233004,1.085660406978728
2021-09-24,1.1800474416456386,1.2336420458423785,1.087448423443144
2021-09-27,1.1675982938382783,1.2122949810866224,1.0843374672515753
2021-09-28,1.1398078518566215,1.1684056080648006,1.0624860180738935
2021-09-29,1.1471970931148212,1.1703836721227008,1.0642743526482532
2021-09-30,1.136514719445669,1.1618119306915382,1.0512663598973426
2021-10-01,1.1457509571595865,1.191401320562665,1.0637599688697608
2021-10-04,1.117559278046848,1.166715979053612,1.050041477560246
2021-10-05,1.1333822827568019,1.189999996084592,1.0609671226216013
2021-10-06,1.1405306059754066,1.207926560521699,1.0653765240746798
2021-10-07,1.1508917137439212,1.2150972385019803,1.0745874770135744
2021-10-08,1.147759277055054,1.2150972385019803,1.0726278402346887
2021-10-11,1.147036397392736,1.212542565377849,1.064862299351159
2021-10-12,1.1365950673067118,1.2069791623298083,1.062240834835011
2021-10-13,1.1317757021665478,1.2211140457818197,1.0660627667500986
2021-10-14,1.154666556690531,1.247653854973553,1.083994624260066
2021-10-15,1.1633409870948144,1.2536702707126053,1.0922499749289596
2021-10-18,1.177075575135324,1.2663636314990385,1.0954836420311984
2021-10-19,1.194826300792637,1.2702372750222948,1.1039350279527178
2021-10-20,1.1988421873223745,1.266858408540705,1.1082710255363548
2021-10-21,1.200609338091181,1.2806636146497332,1.1111616905921124
2021-10-22,1.1942639913088713,1.2740700677900665,1.110010450706915
2021-10-25,1.1938623775471908,1.2698251130867677,1.1159630034954708
2021-10-26,1.1993241489450972,1.277984823095999,1.116967356114299
2021-10-27,1.1955491804549547,1.3318058892171882,1.1120189173621138
2021-10-28,1.225427913562523,1.3366690868237778,1.1227486066983288
2021-10-29,1.2031794652962824,1.3666290047933727,1.1250269896405103
2021-11-01,1.196432755839358,1.3573567968935674,1.1269621319537533
2021-11-02,1.2049462394344903,1.3728520235545716,1.1315185797281726
2021-11-03,1.2167533576147067,1.3764372320311165,1.138426734786729
2021-11-04,1.212496553045374,1.3864927825328957,1.1437917385098082
2021-11-05,1.2168399826523932,1.3849266193833312,1.1477601600538359
2021-11-08,1.2100832297128385,1.3887592816375072,1.1487401772619932
2021-11-09,1.213059364703271,1.3844734761787238,1.1449430579224913
2021-11-10,1.1898132219812398,1.3632497467709959,1.1357318664011393
2021-11-11,1.189411106045428,1.3699672815466697,1.1360994424407485
2021-11-12,1.2064635585728671,1.387646131178954,1.1446737778553957
2021-11-15,1.2065441575209757,1.3849678616796028,1.1450656097781897
2021-11-16,1.2145878572160744,1.3991443789686735,1.1495974835594807
2021-11-17,1.2346165702774792,1.4000938653780968,1.1468049554212647
2021-11-18,1.269846973104619,1.4089703560554454,1.1506998935683648
2021-11-19,1.2914044297658929,1.4165668998988126,1.1486420403444517
2021-11-22,1.2951850477150149,1.4030252007396986,1.1454086118246705
2021-11-23,1.2983220039710657,1.39414871006235,1.146927348221991
2021-11-24,1.3025852112605751,1.3950981964717732,1.1499893950097606
2021-11-26,1.2613210606997314,1.361119634373992,1.1243412241300061
2021-11-29,1.2889111352029132,1.3898137009779512,1.138132880726505
2021-11-30,1.3296115953011298,1.3648765987426057,1.115987657016085
2021-12-01,1.3253485135551533,1.3627712839288035,1.1035920259062368
2021-12-02,1.317224340455479,1.3603352476632518,1.1204951158592193
2021-12-03,1.301780602758353,1.3335819182287945,1.1107452051487041
2021-12-06,1.329772416566748,1.3467108028844024,1.123899926111012
2021-12-07,1.3769079870732828,1.3827536985269058,1.1471477188852879
2021-12-08,1.4082783028949881,1.382960040521861,1.150185350734901
2021-12-09,1.4040955690100543,1.3752397697896783,1.1424198098513714
2021-12-10,1.4434291111222828,1.414213609252996,1.1531739936532286
2021-12-13,1.4135872878133808,1.4012498242960714,1.1429587676229918
2021-12-14,1.4022454339660144,1.3555871630481553,1.1350951693494062
2021-12-15,1.4422221355971825,1.381638590364416,1.1528311506617195
2021-12-16,1.3855952229179198,1.341385195607904,1.1426648340352819
2021-12-17,1.3765865956291121,1.3368437140149543,1.130503649953726
2021-12-20,1.365405688590897,1.320783363484149,1.118482513774756
2021-12-21,1.3914672705812754,1.3512524149909482,1.1383456167511599
2021-12-22,1.4127826793111584,1.3756524537795887,1.1497275109988494
2021-12-23,1.4179307174203999,1.3818040816038866,1.1568813264612037
2021-12-27,1.450507255506008,1.4138421675593578,1.173253729501094
2021-12-28,1.44214178773614,1.408887871462902,1.1722948666041735
2021-12-29,1.4428659228337868,1.4117779645282318,1.1737946754598614
2021-12-30,1.4333742040304602,1.4009198859258967,1.1705495563996597
2021-12-31,1.4283070159563929,1.3885340151711614,1.167599643366942
2022-01-03,1.4640206358415844,1.382052057435901,1.1743599568292993
2022-01-04,1.4454396908013416,1.3583539207654567,1.1739665343567882
2022-01-05,1.4069913561394438,1.3062094322958764,1.1514237527445927
2022-01-06,1.383504044290752,1.2958877645722673,1.1503420994095162
2022-01-07,1.3848713389073386,1.296548424394192,1.1457943996585407
2022-01-10,1.385032034629424,1.2974977802900196,1.1443686308921814
2022-01-11,1.408278302894988,1.3004296377060045,1.154791821297922
2022-01-12,1.4118982251220247,1.3140125791613904,1.1579137522825382
2022-01-13,1.385032034629424,1.2583999529106948,1.1419595842907448
2022-01-14,1.3921106811872808,1.2806944158583418,1.1424265696876694
2022-01-18,1.3658079300702417,1.2495234622333462,1.122194618231883
2022-01-19,1.3370922322512657,1.252330940192536,1.1105420124223524
2022-01-20,1.3232572093844528,1.2451884531489472,1.0982506418464566
2022-01-21,1.3063655781226318,1.2221920880831036,1.0766912175968242
2022-01-24,1.3000110666624218,1.2235957618059008,1.0812635708684142
2022-01-25,1.285210990658367,1.1910625072679757,1.0680624853818543
2022-01-26,1.2844867300171874,1.2249995660422937,1.065382965801034
2022-01-27,1.2807061120680652,1.2379221087029464,1.0601220635569355
2022-01-28,1.3700711373597514,1.2726854490522557,1.0864507511331276
2022-01-31,1.405864979562453,1.2839148388346335,1.1060188866645053
2022-02-01,1.4044978104893993,1.2747492605425945,1.1134920845100422
2022-02-02,1.4143916452285377,1.2941537609385072,1.1243087769157798
2022-02-03,1.390743135483629,1.2437436676434737,1.0978817933670741
2022-02-04,1.3884075235979458,1.2631065342023273,1.1030442405836876
2022-02-07,1.3825283199532161,1.2425050936193598,1.0995043926609176
2022-02-08,1.4080589783430488,1.257409224204999,1.1085509622865557
2022-02-09,1.4197372888585313,1.2848643252440568,1.1247756827852182
2022-02-10,1.3862329840649465,1.248408876125239,1.1045684643775318
2022-02-11,1.3582056414367467,1.2181047938035274,1.0827877946622584
2022-02-14,1.3601385096689538,1.2179398246184399,1.0792477876845168
2022-02-15,1.3916289706516243,1.2405233751807772,1.0966526165457413
2022-02-16,1.389696479050016,1.2390754573490048,1.097881793367074
2022-02-17,1.3601385096689536,1.202792286176639,1.0744296944816436
2022-02-18,1.3474136682633908,1.1912084214680765,1.0674726300192878
2022-02-22,1.3234127578216903,1.1903393314336639,1.0560166956822699
2022-02-23,1.28918394129986,1.1595178932182129,1.0372843940271994
2022-02-24,1.3106877908725947,1.2187616687311738,1.0528948442251393
2022-02-25,1.3276814890266464,1.2300146814743909,1.0761256181174428
2022-02-28,1.329856028559646,1.236137857334805,1.0733723765572376
2022-03-01,1.3143923294407922,1.2202510898864096,1.0570245475104756
2022-03-02,1.3414536145834872,1.241929920202682,1.0764701311861549
2022-03-03,1.3387956069053704,1.2242643829571687,1.071110932969543
2022-03-04,1.3141511603141316,1.1991931127453437,1.0624085583026737
2022-03-07,1.28298246740623,1.153891452103402,1.031089520989252
2022-03-08,1.2680023619760266,1.1412316333110888,1.0232720486574611
2022-03-09,1.3123788622604766,1.193566671630533,1.0507065659244288
2022-03-10,1.276700394564491,1.181527314472639,1.0459621947009408
2022-03-11,1.2461762421543912,1.1586904370208595,1.0326625746594098
2022-03-14,1.2130746810142827,1.1436726290932808,1.025115654834488
2022-03-15,1.2490754189591688,1.1879813422983985,1.047658595501655
2022-03-16,1.2853179537483803,1.2179346040746077,1.070889607976416
2022-03-17,1.2936134937704347,1.2213682862664323,1.0842874444629744
2022-03-18,1.3206741511954652,1.2429226066123142,1.0961633634527779
2022-03-21,1.3319499691445371,1.2376687818135041,1.0958427881573074
2022-03-22,1.3596552926109018,1.2579405450534886,1.1086657204486399
2022-03-23,1.3708501349812665,1.239033562484754,1.0943877532761546
2022-03-24,1.4019378523104609,1.258106166806555,1.1108851735238046
2022-03-25,1.4071731431750534,1.2563683782785173,1.1163099819162448
2022-03-28,1.4142605777802117,1.2854113077240419,1.1242506423236214
2022-03-29,1.441321611835841,1.3048971180901365,1.1381584090494645
2022-03-30,1.4317374929923152,1.2984845935878404,1.1311305651247001
2022-03-31,1.4062871824635252,1.2755235977064578,1.1137208850868388
2022-04-01,1.4038709716297335,1.2801157185745768,1.1168772514728291
2022-04-04,1.437133479578993,1.3030768449695551,1.1264452032957146
2022-04-05,1.4099114987142127,1.2861560183016598,1.1122166226919437
2022-04-06,1.3838974977227954,1.2390754573490046,1.1010952604879063
2022-04-07,1.3863940564176298,1.2468115202262786,1.1066435750658752
2022-04-08,1.3698838264086954,1.2286081364524857,1.1036845163722844
2022-04-11,1.3349301215280212,1.1801621422606015,1.0848201195632132
2022-04-12,1.350312845068168,1.166923234643737,1.0808004823182966
2022-04-13,1.3723806361905957,1.1899258643621788,1.0931795717110877
2022-04-14,1.3312248296986267,1.1576976200976314,1.0795673291226717
2022-04-18,1.3294532849061693,1.1605520829513085,1.0800114106036707
2022-04-19,1.3482187789397444,1.1803278945272642,1.0974456646346604
2022-04-20,1.3468496011701647,1.184713020832449,1.0966317803444485
2022-04-21,1.3403258570276337,1.1617518944374707,1.0802332922891984
2022-04-22,1.3030364147177431,1.1337024344831532,1.0505926030372028
2022-04-25,1.3118152973413821,1.1613795391486619,1.0566834541236556
2022-04-26,1.2628476700595421,1.1179392634099778,1.0260811185127345
2022-04-27,1.2609952752319105,1.1717222195611945,1.028966137116997
2022-04-28,1.3179362978304368,1.1982414076047918,1.0549573100432323
2022-04-29,1.2696934333639078,1.1481406315317972,1.015970709708851
2022-05-02,1.272190368689341,1.1768939513082484,1.0220863733708898
2022-05-03,1.2844322441239178,1.1657647959674426,1.026771576144904
2022-05-04,1.337104535517488,1.1996897169773515,1.0580398749223519
2022-05-05,1.2626062498458155,1.1474372937640467,1.0204341103248233
2022-05-06,1.2685744638553564,1.1365981396331022,1.0143432592383705
2022-05-09,1.22647168249488,1.0946062385237758,0.9818665403133976
2022-05-10,1.2462322345700552,1.1149606821266975,0.9841353004297909
2022-05-11,1.1816265282021923,1.077933061403905,0.9685010715135811
2022-05-12,1.1498475681809655,1.0564202443814867,0.9674902771683989
2022-05-13,1.1865462026251268,1.0802916378503518,0.9906206873735567
2022-05-16,1.1738831286377405,1.0818636741117271,0.9866012091836118
2022-05-17,1.203726332925504,1.103873421650143,1.0068961464081931
2022-05-18,1.1358130566404074,1.0536142673286484,0.9663065105414881
2022-05-19,1.1078253857685973,1.0497164135333719,0.9603883136268204
2022-05-20,1.1097606393279291,1.0473111784764282,0.9608074234772619
2022-05-23,1.1542835233717164,1.0808587194240902,0.9787842140167358
2022-05-24,1.1321031197002962,1.0765874662312382,0.9713126862484018
2022-05-25,1.1333932050441622,1.0886130542047756,0.9798938610268323
2022-05-26,1.1596875447444988,1.1026293660550055,0.9994736870986302
2022-05-27,1.206952676176965,1.1330664417308343,1.0240098251437126
2022-05-31,1.2004999896740434,1.1273857069601723,1.0182642028733444
2022-06-01,1.199451450087437,1.1296666930739172,1.0100278592735694
2022-06-02,1.2196160012514168,1.1386231885854894,1.0292623770017966
2022-06-03,1.1725930432938745,1.119713987285626,1.012370500424319
2022-06-06,1.1787227062866978,1.1144476331816195,1.0154529062484667
2022-06-07,1.1994514500874367,1.1299981976072415,1.0251932736606797
2022-06-08,1.1934026371297874,1.121331181251147,1.014047257936028
2022-06-09,1.1504927363964312,1.0980262820448392,0.989930229741387
2022-06-10,1.1060504513007523,1.0490942552222073,0.9612266128551887
2022-06-13,1.0637054964653523,1.0045993643726852,0.9247305747952427
2022-06-14,1.0708033511837396,1.013846774689289,0.9219440907459512
2022-06-15,1.0923390888138254,1.043993718641661,0.9350875188052682
2022-06-16,1.0490260677963943,1.015837107025194,0.9041399543782626
2022-06-17,1.0611248236034887,1.026950600734504,0.9060890935290157
2022-06-21,1.0958879534012524,1.052204459466849,0.9288983717463022
2022-06-22,1.0916935439677609,1.0496747796963128,0.9272145362883524
2022-06-23,1.1152455107358854,1.0734357586631331,0.9363036531189213
2022-06-24,1.1425883900228282,1.1100935691122344,0.966072302095653
2022-06-27,1.1425883900228282,1.098440923738687,0.9623820676971365
2022-06-28,1.1085510273886388,1.0635665815761524,0.9427181015453069
2022-06-29,1.1229885336697387,1.0792415907153672,0.9419501841419176
2022-06-30,1.1027437601882488,1.0650178275046174,0.9342974132333264
2022-07-01,1.120568933160559,1.076421518194182,0.9441792600428704
2022-07-05,1.1417817728240798,1.0899815545135054,0.9459623458031639
2022-07-06,1.152750887922328,1.1039147944600105,0.9491571239648208
2022-07-07,1.1804164140887703,1.112995930455569,0.9633725825334265
2022-07-08,1.1859817589013022,1.1099274253047846,0.962580409246852
2022-07-11,1.168479358352024,1.0968653636102248,0.9515842233055459
2022-07-12,1.1764641781302025,1.0519140014594024,0.9431637735760229
2022-07-13,1.1734801338971985,1.0479747095974603,0.9382105631746867
2022-07-14,1.1975160709845722,1.0536142673286484,0.9359321802325054
2022-07-15,1.2112273079279663,1.0645616824873068,0.9538130606240416
2022-07-18,1.186223932376226,1.0543193017731443,0.9459375332275782
2022-07-19,1.2179224189928775,1.0762142626040565,0.9714959175758057
2022-07-20,1.2343760288684833,1.0875765152269556,0.9776875299868334
2022-07-21,1.2530081956701407,1.0982336681485612,0.9876436554681635
2022-07-22,1.2428450700529765,1.0796559713820224,0.978480021383351
2022-07-25,1.233650136161376,1.0733114444631364,0.9796688777693564
2022-07-26,1.2227616200112363,1.0445742431157663,0.9680783033987906
2022-07-27,1.2646223534403216,1.114406129858156,0.9932158282918879
2022-07-28,1.2691394097533126,1.1462120321267042,1.0056732522582434
2022-07-29,1.31075822079454,1.1641675705820784,1.0203347009675083
2022-08-01,1.3026924254376546,1.1528468212826428,1.0173131336700376
2022-08-02,1.2905940462611587,1.1396183547534418,1.010601570556508
2022-08-03,1.3399563824103706,1.1713413808886588,1.0264271426036782
2022-08-04,1.3373752073743757,1.1762344661086859,1.0257335833995609
2022-08-05,1.3355175397183632,1.1731662219850931,1.024000122790439
2022-08-08,1.3316405043359898,1.1624256056189755,1.0228111868769476
2022-08-09,1.332044377881262,1.1706363464441634,1.0187497181744727
2022-08-10,1.3669368175178913,1.199083220297683,1.0401473835178814
2022-08-11,1.3608789654258746,1.1902092093786547,1.0401473835178814
2022-08-12,1.3900365764805853,1.2104868457304498,1.0577560413253453
2022-08-15,1.3988403167237342,1.2169560131333221,1.0621147042424501
2022-08-16,1.3975479715962764,1.213804501335611,1.064195381854803
2022-08-17,1.4098249992200593,1.210604568993859,1.0566415431386118
2022-08-18,1.4065938853143491,1.2058256831701544,1.0597125765322828
2022-08-19,1.385352170638266,1.18912033444892,1.0454720668056339
2022-08-22,1.3534481692582918,1.1542132986306384,1.0237027695208376
2022-08-23,1.3507020300200938,1.1487695765499437,1.0212260450289405
2022-08-24,1.3531252712917268,1.1460683366577322,1.0244953404448411
2022-08-25,1.3733173164894072,1.1587845373234298,1.03895884524182
2022-08-26,1.321544418965383,1.1140704488897666,1.0037907571406348
2022-08-29,1.303452089355106,1.1021853588021044,0.9971537112813487
2022-08-30,1.2835022176323494,1.092793730962145,0.9862070709637286
2022-08-31,1.2698521203894673,1.0865603363700802,0.9787030164536811
2022-09-01,1.275828996902777,1.0821139339316685,0.981773970319866
2022-09-02,1.258463689891403,1.064078912696454,0.9714217979589915
2022-09-06,1.2481253055023396,1.052401534996503,0.9677564556635468
2022-09-07,1.2596753105272196,1.0725145937039982,0.9851421979281669
2022-09-08,1.2475598574302522,1.0743014553440555,0.991581299875167
2022-09-09,1.2710638665688172,1.0989856874875443,1.0069857738847494
2022-09-12,1.320009774819469,1.1080866615496638,1.0178085899068974
2022-09-13,1.2425521769907697,1.0471655253035193,0.973551623557601
2022-09-14,1.2544253310692806,1.048121406879137,0.9772665114767318
2022-09-15,1.2306790229122588,1.019697177134488,0.9661714728705114
2022-09-16,1.2171905001961925,1.017037505822538,0.9588004678442948
2022-09-19,1.247721431957068,1.0161233233407776,0.9662361287165093
2022-09-20,1.2672674301345526,1.0075211722417943,0.9551449869570959
2022-09-21,1.24158285537341,0.9929767371261716,0.9384835810336183
2022-09-22,1.2336675867124467,1.0014124833905138,0.9306004985259989
2022-09-23,1.215009809030082,0.9886964132384121,0.9150084987047766
2022-09-26,1.217756199355346,0.986743342534107,0.9059565212101007
2022-09-27,1.2257524435950164,0.9824214500660857,0.903643941449003
2022-09-28,1.2102443020655234,1.0017866006128657,0.9214244581533936
2022-09-29,1.1507985604425255,0.9869511854354139,0.9021767388625147
2022-09-30,1.11622939540306,0.967835315856606,0.8882258682393397
2022-10-03,1.150556010337003,1.0004152942618265,0.9116762175200811
2022-10-04,1.1800368959888774,1.0342417427637065,0.939925891517035
2022-10-05,1.1824600117169775,1.035571415277687,0.9377376132163242
2022-10-06,1.1746253420041226,1.0255565197609986,0.928064048892227
2022-10-07,1.1314943591093662,0.9734039394484784,0.9021767388625147
2022-10-10,1.1341601504865217,0.9526675478074565,0.8952882270929637
2022-10-11,1.1225292954264676,0.9367100419901397,0.8896184740440984
2022-10-12,1.1173600404601696,0.9381230474350363,0.8866841483986078
2022-10-13,1.1549173926692242,0.9734039394484785,0.9100846339457198
2022-10-14,1.1176831895138006,0.9498002293645936,0.8893448994927666
2022-10-17,1.1502331123704383,0.9870758259194001,0.9121985540471589
2022-10-18,1.1610559692528823,0.9911067383255919,0.9229164733154678
2022-10-19,1.1619446919221337,0.9827124301279152,0.9163762124064638
2022-10-20,1.1581482554878688,0.9813411890336736,0.9086921871959327
2022-10-21,1.1894869343392886,1.0061498006339573,0.9307745841925295
2022-10-24,1.2070946659126522,1.027468217655436,0.942163954023889
2022-10-25,1.23043659835027,1.0416386008055043,0.9572089637974193
2022-10-26,1.2062866677350421,0.9612695683928444,0.9499974909078223
2022-10-27,1.169536811529466,0.9422786003252143,0.9449244325853069
2022-10-28,1.2578984929063821,0.9801773992999517,0.9674047851211083
2022-10-31,1.2385138181686473,0.964635644542046,0.9604170230492137
2022-11-01,1.2167868777379864,0.9481794462751882,0.9562143135318653
2022-11-02,1.1713946047290111,0.9146439778351376,0.932216894675946
2022-11-03,1.1217214227923904,0.890333928170799,0.9226180066610642
2022-11-04,1.1195372164073594,0.9200046280121076,0.9358974267211886
2022-11-07,1.1239057547209543,0.9469327804081349,0.9448496767486059
2022-11-08,1.128598571979976,0.9510884638119085,0.9499477067016788
2022-11-09,1.0911400225312973,0.9329701749025756,0.9303767081808105
2022-11-10,1.188223840854991,1.009723719684466,0.9815048493077423
2022-11-11,1.2111193404896905,1.0268863227885752,0.9910041689103369
2022-11-14,1.1996311028829871,1.0037812398974326,0.9825742554099975
2022-11-15,1.213870124838605,1.0055265329572287,0.9909545437591653
2022-11-16,1.2037570910910596,1.0073601837213793,0.983394899536507
2022-11-17,1.219371819079967,1.0071517535088914,0.9803857385268294
2022-11-18,1.2239831585861503,1.0052348350706224,0.9848369714374662
2022-11-21,1.1974468964979559,1.0086937063864359,0.9812559282770248
2022-11-22,1.2150027785922406,1.0211122707969182,0.9944608310829058
2022-11-23,1.222203453464056,1.0317389487939053,1.0007277560230354
2022-11-25,1.1982556479367634,1.0313637222059886,1.0005037270953896
2022-11-28,1.1667845206581562,1.0074850852325574,0.9845385843105485
2022-11-29,1.1421090648142962,1.001526030218858,0.9828478299613295
2022-11-30,1.1976085965683043,1.0632434951697582,1.0138079597310998
2022-12-01,1.199874155162641,1.0613682758253462,1.0130619919138055
2022-12-02,1.195828765902677,1.0627435628410575,1.0118932559817209
2022-12-05,1.186282310119015,1.042657128907105,0.9936900506900255
2022-12-06,1.1561865122430985,1.021487366871239,0.9793661166307176
2022-12-07,1.1402485096570274,1.0183617620222936,0.9777001748570845
2022-12-08,1.1540827792626431,1.030988626131668,0.985359307964544
2022-12-09,1.1501186166684516,1.0227374913485812,0.9779985619840023
2022-12-12,1.16896885258672,1.0522835507059034,0.9920985466431503
2022-12-13,1.176897679949234,1.0706612353868832,0.9996084066596651
2022-12-14,1.1586136453642506,1.0719116861482147,0.9932173393141202
2022-12-15,1.1043274918555193,1.0376980038076047,0.9689216923862549
2022-12-16,1.0882276636555668,1.0196954152009456,0.9574824588212659
2022-12-19,1.0709145827538704,1.0020260278043567,0.9493634977906086
2022-12-20,1.0703481303335198,1.0076518163511883,0.9506624997445194
2022-12-21,1.09583246315972,1.0186118913286388,0.9648772425657525
2022-12-22,1.069781929000235,0.9926079057044503,0.9511121481495283
2022-12-23,1.0667882179151993,0.9948582863799807,0.9565831620112486
2022-12-27,1.0519833712568951,0.9874822452567131,0.9528108552473326
2022-12-28,1.0197026137347502,0.9773556301020225,0.9409695307138746
2022-12-29,1.0485851589089228,1.0043596761540057,0.9579072151232029
2022-12-30,1.0511740548721902,0.9994006163113037,0.955384126107054
2023-01-03,1.0118552013533084,0.9984005558835087,0.9513619439825901
2023-01-04,1.0222917607850832,0.9547273786331248,0.9587067049384755
2023-01-05,1.0114507000903716,0.9264313132395485,0.9477644386325773
2023-01-06,1.0486660717158636,0.9373494933527481,0.969498743823599
2023-01-09,1.0529538855378173,0.9464760480796437,0.9689492088963598
2023-01-10,1.057646263394474,0.9536854233410789,0.9757442758700344
2023-01-11,1.0799755616958888,0.9825229896436167,0.988085351124588
2023-01-12,1.0793283847838968,0.9939414283695066,0.9916827769471149
2023-01-13,1.0902501699702496,0.9969418706800827,0.9955298395477319
2023-01-17,1.0997968768409772,1.0016093631497744,0.9937063538246255
2023-01-18,1.0938909324237442,0.982689851275843,0.9780177281080927
2023-01-19,1.094376283721855,0.9665205871493452,0.9708979504096834
2023-01-20,1.1154112281992858,1.0010676012136208,0.9889848069895768
2023-01-23,1.141623839059718,1.0109023879681092,1.0008511826810784
2023-01-24,1.1531120766664213,1.0086520072925786,0.9997769254021861
2023-01-25,1.1476913580037662,1.0026927565084855,1.000151579388036
2023-01-26,1.1646812898518317,1.0334891361135436,1.0111437889550496
2023-01-27,1.1806189158073042,1.0341558648176727,1.0134669458717658
2023-01-30,1.1569144136467313,1.0114441499042626,1.0007512166313621
2023-01-31,1.1673505964479076,1.0326973753846407,1.0154656306462047
2023-02-01,1.1765739031779385,1.0532838069040917,1.0262577490588136
2023-02-02,1.2201809471493725,1.1026661708890215,1.0411969872761604
2023-02-03,1.2499527171669278,1.0766204861709758,1.0301300218724458
2023-02-06,1.2275428199174045,1.0700362057766104,1.0238345465648953
2023-02-07,1.2511663464992702,1.1150014023685872,1.0372249074677837
2023-02-08,1.2290801004775094,1.11154266156637,1.0258831746004495
2023-02-09,1.2205850717817102,1.098582269962936,1.0169894568026197
2023-02-10,1.2235833024339295,1.0964153527319176,1.0193629546178802
2023-02-13,1.2465949298365424,1.130670603652789,1.0313289782491544
2023-02-14,1.241328127545197,1.134212612129125,1.0308545172685597
2023-02-15,1.258586597010091,1.1251467462242748,1.0342020677305388
2023-02-16,1.2454602673863806,1.0951925708528947,1.0199624328062342
2023-02-17,1.2360611997103188,1.078105665634348,1.0174141335770703
2023-02-21,1.203083550037162,1.0555876981538985,0.9970039610254889
2023-02-22,1.2065673830745578,1.0507415325715608,0.9956299646524194
2023-02-23,1.2105378228453931,1.0643610178337697,1.0009260180452646
2023-02-24,1.188741707928116,1.0411746249724456,0.9902337861548861
2023-02-27,1.1985459045847786,1.045101648556383,0.9936062287199369
2023-02-28,1.1944136392000622,1.0420100424991423,0.9899340470607089
2023-03-01,1.1773978453842235,1.0288502261213306,0.9861367686662351
2023-03-02,1.1822597697820336,1.0490703712341773,0.9938062403468553
2023-03-03,1.2237452535913431,1.0665333513790136,1.0097447414239358
2023-03-06,1.246432853135595,1.073134141743247,1.0104442651894923
2023-03-07,1.2283637490789006,1.0617707797547835,0.9949554125174204
2023-03-08,1.2386540502948713,1.0598907314073271,0.9965792047235518
2023-03-09,1.2201801938881747,1.0541255543401842,0.9781924499945095
2023-03-10,1.2032453756510433,1.0385424920292088,0.9640779118054505
2023-03-13,1.2192077336824931,1.06080980814893,0.9627036768499234
2023-03-14,1.2363854786557458,1.0895107919734663,0.9786173653514182
2023-03-15,1.2396263849570206,1.1089376101942607,0.9724967709852566
2023-03-16,1.2627999635170477,1.1538898859402535,0.9895593930748589
2023-03-17,1.2559128963903645,1.16738368660971,0.977988780103242
2023-03-20,1.2753594640898087,1.137304348699961,0.987392666722814
2023-03-21,1.2905922886516978,1.1437796502418356,1.0003575555763926
2023-03-22,1.2788434226707375,1.1375548042902954,0.9833051130049796
2023-03-23,1.2877562602439585,1.1599894388398286,0.9859633192195915
2023-03-24,1.2984516904405303,1.1721462582339401,0.9924331983036163
2023-03-27,1.2824894579526134,1.1546417747656406,0.9942888926584927
2023-03-28,1.2773849834492808,1.1498374387907555,0.9920571128230208
2023-03-29,1.3026653080345523,1.1718958026436057,1.0064764798653516
2023-03-30,1.3155484598350757,1.186684950751348,1.0123696256219754
2023-03-31,1.3361291878105501,1.2044402813507695,1.0266386061885593
2023-04-03,1.3464197401135864,1.1999701906947209,1.0305506427451179
2023-04-04,1.3420441713621503,1.199761107914254,1.0248331732047415
2023-04-05,1.3268920712919023,1.1878965084611322,1.0221498363046004
2023-04-06,1.3341845184862524,1.2182266935020032,1.0261370263352894
2023-04-10,1.3128743825847504,1.2089940312217244,1.0271902883579165
2023-04-11,1.3029082347706735,1.1815882643218778,1.0274662487338238
2023-04-12,1.297236680129326,1.1843452335194946,1.023278251801358
2023-04-13,1.3414768401370696,1.2108738185419892,1.03687005582591
2023-04-14,1.3386410628163958,1.1954165713373617,1.0343372644564874
2023-04-17,1.3388032650608757,1.2065291514515015,1.0380486531662407
2023-04-18,1.3488502629101267,1.204732762318951,1.0387258297082727
2023-04-19,1.3582494561297214,1.2050668771241912,1.0385503125469968
2023-04-20,1.3503089532186494,1.1952908867446095,1.0328829453227073
2023-04-21,1.337101648016232,1.1938290039580868,1.0336854571824423
2023-04-24,1.3396133974785447,1.1771595464756968,1.0347636908356272
2023-04-25,1.3269731724141425,1.1506314835075853,1.0183380043802157
2023-04-26,1.3268920712919026,1.233976813215599,1.0140246721300468
2023-04-27,1.3645694431183895,1.273498418240477,1.0342120881937558
2023-04-28,1.374859618790827,1.2836504182895503,1.0430391619584416
2023-05-01,1.3741307130389309,1.2765479989198707,1.0419858999358143
2023-05-02,1.3656226278157122,1.2759214031464494,1.0302749209516684
2023-05-03,1.3567908913647313,1.271701898594331,1.023203018799742
2023-05-04,1.34334053388266,1.2759214031464494,1.0159558380689975
2023-05-05,1.4063794569601913,1.2978127095966792,1.0347636908356275
2023-05-08,1.4058121257351106,1.289457359707348,1.035039492156563
2023-05-09,1.3917944370279587,1.2825640231181357,1.0305004609015453
2023-05-10,1.4062983558379516,1.304747549509355,1.0353152139500128
2023-05-11,1.4078376450945826,1.2955563905525398,1.0335099400211665
2023-05-12,1.400210373298044,1.2907939494419056,1.0321555074096167
2023-05-15,1.3961535595765877,1.2928410551919822,1.035716589171109
2023-05-16,1.3961535595765877,1.3023661984404422,1.0287952325499012
2023-05-17,1.4011843400261204,1.3146755882280405,1.041283751763225
2023-05-18,1.4203331184655752,1.3336001901322074,1.0513145535537705
2023-05-19,1.421225607440813,1.3328467351436712,1.0497849218908881
2023-05-22,1.4134360078562616,1.3447371762887612,1.0502111892150563
2023-05-23,1.3920155191893588,1.3199512087973486,1.0384249772292937
2023-05-24,1.3942876060474052,1.3140478178322568,1.0309018361226419
2023-05-25,1.4036186291286465,1.3645832041792558,1.0398291940469873
2023-05-26,1.423416216546021,1.3937656526586875,1.0532956627538363
2023-05-30,1.4385891568427265,1.3867314918996099,1.0536970379749326
2023-05-31,1.438183651231527,1.3749245794558302,1.047854153589367
2023-06-01,1.4612270411479582,1.3924675644348898,1.0578095633233247
2023-06-02,1.4682047507053801,1.4042746073922652,1.0731069138094642
2023-06-05,1.4570888752171964,1.4065353638986613,1.0710504920802966
2023-06-06,1.4540868782589906,1.3970733892305673,1.0733826356029144
2023-06-07,1.4428086749827942,1.3539485648529246,1.0696710878381892
2023-06-08,1.4651217781684676,1.3618195787882528,1.0761412055046715
2023-06-09,1.4682859773711532,1.368225577610759,1.0780719738061928
2023-06-12,1.4912482661653446,1.3894114580757058,1.0878521844888178
2023-06-13,1.4873535291448354,1.3996271487595278,1.095024370800404
2023-06-14,1.4925465118388475,1.412397121026694,1.0963283034584377
2023-06-15,1.509261252262842,1.457447673510322,1.1099201870104756
2023-06-16,1.500417212545639,1.4332897374418847,1.1061396889155166
2023-06-20,1.5011471226457982,1.4153698291981631,1.10040074695396
2023-06-21,1.4926277385046205,1.3965707813731525,1.0947626458444641
2023-06-22,1.5172939041270475,1.422319939201547,1.0987144461439489
2023-06-23,1.514697287236508,1.4026836466594985,1.090408038829138
2023-06-26,1.5032567561722994,1.3758041105779055,1.0859530681266663
2023-06-27,1.5258945149339977,1.4007994218769766,1.097858491813721
2023-06-28,1.5355499425041996,1.4061588321747864,1.098412480280168
2023-06-29,1.538308887182751,1.4028093312522512,1.1027415589725356
2023-06-30,1.5738476249266422,1.425794994203239,1.1157546414825408
2023-07-03,1.561595706009435,1.4151188515534452,1.117038453686654
2023-07-05,1.5524268851726737,1.4157883862998841,1.1153772835621718
2023-07-06,1.5563214966496497,1.4288513615896143,1.10664293884599
2023-07-07,1.5471528013564217,1.411894643682875,1.103849058740514
2023-07-10,1.5303572108972532,1.3893274073200121,1.10664293884599
2023-07-11,1.5260568427220118,1.3920071124689168,1.1136907441697028
2023-07-12,1.5397692095572013,1.411810853954373,1.1226514241106202
2023-07-13,1.5460167579273985,1.4346713543669916,1.1315617631529933
2023-07-14,1.5472342791092601,1.4454733121231338,1.1308569905733705
2023-07-17,1.574009827171122,1.4475248553354674,1.1347835011323542
2023-07-18,1.5719001936446209,1.505136036278603,1.1432157209297833
2023-07-19,1.583016194676338,1.4866720168540037,1.1457579760700225
2023-07-20,1.5670321176137,1.452297998560957,1.1381563413348343
2023-07-21,1.5573765644999664,1.4393186824861326,1.1381563413348343
2023-07-24,1.5639485173591232,1.444929200942256,1.1432409311427987
2023-07-25,1.571007704669384,1.469505955139606,1.146361828270099
2023-07-26,1.5781478675583516,1.4141975560807134,1.146538220233719
2023-07-27,1.5677620277138598,1.3846802097144664,1.1389367445535026
2023-07-28,1.5889393385575754,1.4167096817726148,1.1500871342898762
2023-07-31,1.5939697423765096,1.406451965710946,1.152277003140304
2023-08-01,1.5871542350635666,1.4082101143599277,1.1489797140493836
2023-08-02,1.5625691705633797,1.3711982857822271,1.1329964389977683
2023-08-03,1.5511287650427037,1.3676815969434757,1.129749490805392
2023-08-04,1.4766432848113846,1.3723708199268678,1.1246399293668703
2023-08-07,1.4511659824230256,1.382125928131122,1.1344564841105298
2023-08-08,1.458874229798271,1.3651273153601318,1.129522916998199
2023-08-09,1.445810923028066,1.3491336572767787,1.1219719412714988
2023-08-10,1.4440255684469918,1.352064601097593,1.122374509404883
2023-08-11,1.4445130539851614,1.3440257466780698,1.1217200777238048
2023-08-14,1.458081547931672,1.3567119292167342,1.1279120082447758
2023-08-15,1.4417505940876891,1.3475843303810722,1.1147730337246664
2023-08-16,1.4346007643466898,1.3443117019664612,1.1065927570024172
2023-08-17,1.4137199873276345,1.3295429139796635,1.0981606962599597
2023-08-18,1.4177012238422975,1.3278647701649051,1.098689156403448
2023-08-21,1.4286695856793485,1.3505215388544847,1.1058374844692784
2023-08-22,1.4399632308100894,1.3529549648481205,1.1028422407696248
2023-08-23,1.4715686896688773,1.3720036851818906,1.1151255790694496
2023-08-24,1.4330572066099414,1.3425074820181628,1.0996708436888083
2023-08-25,1.4511755237315245,1.3551368911426556,1.107423421592144
2023-08-28,1.4640128521425468,1.358157758830974,1.114445937175356
2023-08-29,1.4959430921208932,1.3779196054521792,1.1305551042370754
2023-08-30,1.524623763294196,1.3795139595384358,1.135211518061211
2023-08-31,1.5264115032023948,1.3751926543815955,1.133550347936729
2023-09-01,1.539329932735657,1.3789685432216,1.1356645066206255
2023-09-05,1.541279749344803,1.3994856720216828,1.1307561497213099
2023-09-06,1.4861125313223258,1.3966748007090017,1.1231546740410934
2023-09-07,1.442644589585322,1.3842133625823,1.119706600836997
2023-09-08,1.4476816472114986,1.4025065397100012,1.121392981174494
2023-09-11,1.4572692812739447,1.417904925282924,1.1287678830475174
2023-09-12,1.4324070166531606,1.3920171620157928,1.1225757934715748
2023-09-13,1.4154261239394625,1.4100168140665466,1.123884736361217
2023-09-14,1.4278571934780881,1.421093894482629,1.1335753990947726
2023-09-15,1.4219261403542796,1.3855141915916094,1.1199177463119347
2023-09-18,1.4459753850561385,1.3806466870363585,1.1205745638175888
2023-09-19,1.4549129547053365,1.3789265178437533,1.118250611626014
2023-09-20,1.4258260246596368,1.3458642917020625,1.1079702525848643
2023-09-21,1.4131510240366272,1.3406614977192093,1.089657219835207
2023-09-22,1.4201386515331467,1.330088460810095,1.0872071370510707
2023-09-25,1.4306196533755606,1.3323120209416892,1.0917789336302595
2023-09-26,1.3971454790298667,1.3096551217385137,1.0757394326461465
2023-09-27,1.3847141584041753,1.3123822033226928,1.0761688810697487
2023-09-28,1.3868268049754655,1.3159490093822304,1.0824079713898302
2023-09-29,1.3910519725745127,1.3248016160715481,1.0797807808947009
2023-10-02,1.4116888185091838,1.3501858578860941,1.0793515710535562
2023-10-03,1.4007202055850672,1.3148998105856178,1.0649032560063751
2023-10-04,1.4109574018866302,1.3382700971034196,1.0726577425693713
2023-10-05,1.421113622609486,1.3399483714317737,1.0722535838862701
2023-10-06,1.4420757518378473,1.373094517815562,1.084984264294014
2023-10-09,1.4542627647485558,1.383835786749659,1.0919305925457794
2023-10-10,1.4493879093668591,1.3778358157236772,1.0976138652672394
2023-10-11,1.4608440078291456,1.3947445046271632,1.102109951679897
2023-10-12,1.4682377686545292,1.3894576598886166,1.0953911515651547
2023-10-13,1.4531254658842039,1.3750665782480556,1.0899350888707746
2023-10-16,1.4520692681420917,1.3956673662630443,1.101402713748213
2023-10-17,1.439313166396842,1.3932340707830042,1.1013522137946967
2023-10-18,1.4286695856793494,1.385052434489679,1.0866765296654641
2023-10-19,1.425582219118786,1.3901292828525884,1.0771286187690134
2023-10-20,1.4046203409774904,1.3706190664440798,1.0638927002436502
2023-10-23,1.4055951865102967,1.3817379112108175,1.0620489350116515
2023-10-24,1.4091701641525627,1.3868147595737268,1.0700561599246863
2023-10-25,1.3901579770768802,1.4293594510180516,1.0546983685492988
2023-10-26,1.3559525116521656,1.3757379401848358,1.0420687675760731
2023-10-27,1.3667584201576708,1.3837937613718125,1.03734539160885
2023-10-30,1.3835768595398235,1.415261894454438,1.0497476235000238
2023-10-31,1.3874768693887134,1.4186180515703588,1.0563402134947186
2023-11-01,1.4134763073303167,1.452016089194035,1.0676059976130639
2023-11-02,1.442725816251095,1.4614567901460145,1.0880658748433027
2023-11-03,1.435250703216406,1.4802534887263006,1.0979926546823535
2023-11-06,1.456212832444767,1.4959037655391116,1.100518686215479
2023-11-07,1.4772561883389008,1.5126865088226535,1.1036507171907983
2023-11-08,1.4859497013601821,1.5238891433178927,1.1044591140844866
2023-11-09,1.482049691511292,1.5133576097322419,1.0958456511468
2023-11-10,1.5164631825699872,1.5510354491892948,1.112946207847154
2023-11-13,1.5034463269069478,1.5384902213340914,1.1118853111858849
2023-11-14,1.5249241889683764,1.553552925938624,1.1334566645583952
2023-11-15,1.5295612648987997,1.554183698147111,1.1358562473890155
2023-11-16,1.5433918937419622,1.5815111568894793,1.1372455925668545
2023-11-17,1.5432290637798176,1.5549400244347549,1.138659988902737
2023-11-20,1.557547429248215,1.5868505986071324,1.147424951700972
2023-11-21,1.5509576492073898,1.5684781997267827,1.1449242894358338
2023-11-22,1.556408498317936,1.5885744221804199,1.1493447452094459
2023-11-24,1.5455071767274424,1.5868085732292863,1.1500520626686157
2023-11-27,1.5440427114164077,1.5917693950055316,1.1479807692995936
2023-11-28,1.5490051961840534,1.6089649527925796,1.14911745565488
2023-11-29,1.540625667538503,1.5927785261282343,1.1483090587611917
2023-11-30,1.5453440956782323,1.59303080890891,1.152830514441836
2023-12-01,1.555839032852796,1.5745322033814244,1.1596504735185824
2023-12-04,1.5411137807943371,1.5519551784988768,1.1535628830590496
2023-12-05,1.5735744421990976,1.5661654988092593,1.1533356730319697
2023-12-06,1.564625448088407,1.550525793597708,1.148688007231278
2023-12-07,1.5804898821642113,1.5595649042154194,1.1574529700295129
2023-12-08,1.5922049769348277,1.5733549707473349,1.1624290048192887
2023-12-11,1.5716219891757615,1.5610364450080307,1.1669503014449611
2023-12-12,1.584069379373661,1.5739856124422262,1.1722800744918078
2023-12-13,1.610509977289802,1.573943456550784,1.1884460241784258
2023-12-14,1.6117300093423208,1.5384596811526752,1.1922600828724144
2023-12-15,1.6073371155833476,1.558640084875602,1.190297105939123
2023-12-18,1.5936694422458624,1.5667120897484572,1.196992445445539
2023-12-19,1.602211675310024,1.569276942933061,1.2042714371706245
2023-12-20,1.5850458569723944,1.558177544692097,1.1875833100119004
2023-12-21,1.5838254482892768,1.5704540450535542,1.198844083898637
2023-12-22,1.575038907510132,1.5748262505127553,1.2012533690825313
2023-12-26,1.5705644104547876,1.5751627145627203,1.2063255526027028
2023-12-27,1.571378058091377,1.5726824341881933,1.2085066734296868
2023-12-28,1.574876328635054,1.5777690710707872,1.2089632407259647
2023-12-29,1.5663339700273593,1.580964696463878,1.2054633951285785
2024-01-02,1.5102801635756897,1.5592287011926464,1.1987171580312173
2024-01-03,1.498971955395135,1.558093493936404,1.1889275631052616
2024-01-04,1.479934534069344,1.5469101754533423,1.1850978374965602
2024-01-05,1.473995446159431,1.5461114322470644,1.1867211525377765
2024-01-08,1.5096293459012442,1.575288921209856,1.2036627337939116
2024-01-09,1.5062123020233398,1.5799135399633284,1.201836623663772
2024-01-10,1.5147546606310345,1.6092591304375066,1.2086335197696212
2024-01-11,1.509873276985628,1.6170788525296869,1.208101162779326
2024-01-12,1.5125580254362483,1.6332233843297814,1.2089377919304918
2024-01-16,1.493927867331117,1.6407910846684775,1.2044996015275349
2024-01-17,1.4861987797294134,1.6374276187911916,1.197804182493633
2024-01-18,1.5346053529628165,1.6559260938050815,1.208455934893713
2024-01-19,1.5584421780070439,1.6761064975280082,1.2235207470112204
2024-01-22,1.5773982471235295,1.6670256225596412,1.2261076965985085
2024-01-23,1.5878929332110276,1.6770734727592682,1.2296836499998551
2024-01-24,1.5823609829782417,1.6924611562173355,1.2310279030932159
2024-01-25,1.5796761089840885,1.702173194934977,1.2377234016546033
2024-01-26,1.5654392212685295,1.698220851713455,1.2361509046768464
2024-01-29,1.5598254166523058,1.7225635950335412,1.245940579130288
2024-01-30,1.529805195983183,1.7178127696329326,1.2449768650567306
2024-01-31,1.5001918619041212,1.671524034665978,1.2246622050156577
2024-02-01,1.5202055097415803,1.6975902100185638,1.240690731206723
2024-02-02,1.5119885599711085,1.7288700119824543,1.253751927845669
2024-02-05,1.526876641991712,1.705452218515782,1.2491867320478058
2024-02-06,1.54005607652983,1.704779551443044,1.2528136625675839
2024-02-07,1.540950950832192,1.7407677618889084,1.263262460823769
2024-02-08,1.532083308930808,1.741020305696776,1.26382058471948
2024-02-09,1.538355840464048,1.7680953511448725,1.271124627602609
2024-02-12,1.5245075099827496,1.7458550513394815,1.2705665832343838
2024-02-13,1.507319595983334,1.7082690934538693,1.2530671166649952
2024-02-14,1.5000697080466299,1.7247802379445578,1.2644545778366942
2024-02-15,1.4977076064755093,1.712439002839585,1.2731790611446303
2024-02-16,1.4850814422867893,1.701908904903488,1.2668385732800873
2024-02-20,1.4789718662592268,1.6965595441525545,1.259864171825816
2024-02-21,1.4851629200396281,1.6939903840192896,1.2610053912477956
2024-02-22,1.50186184197848,1.733878210193974,1.2871024152577004
2024-02-23,1.486791972922268,1.7283603563908667,1.2879901010547834
2024-02-26,1.475713634950415,1.7165667563338582,1.2832728487039708
2024-02-27,1.4876881026599589,1.7163140820123952,1.2856567646198782
2024-02-28,1.4778315543500857,1.7173251708390351,1.2839575803571588
2024-02-29,1.4723738003452314,1.742260054343252,1.288573355636024
2024-03-01,1.463494733982355,1.750094524471757,1.3006709177288982
2024-03-04,1.4263492901046768,1.7476517014992237,1.2992760056270496
2024-03-05,1.3857827849560422,1.6959698837267436,1.2862909167920642
2024-03-06,1.3776368928251799,1.6936113725370951,1.292808671422572
2024-03-07,1.376659159791117,1.7233060868800303,1.3056417037046077
2024-03-08,1.3907517979873982,1.7110070076665,1.297805065248726
2024-03-11,1.407206412211267,1.7038463792330953,1.2966891355672472
2024-03-12,1.4111164655427875,1.7491678779415976,1.3106380975307614
2024-03-13,1.394010154839743,1.7484097244636125,1.30858366398874
2024-03-14,1.4092428538580992,1.7910354648509272,1.3059967939289379
2024-03-15,1.4061475780549644,1.7539696036445664,1.2970291155692655
2024-03-18,1.4151079966271465,1.7577605015480875,1.3047375557179535
2024-03-19,1.4343323522733946,1.7749876436253182,1.3119881561305897
2024-03-20,1.4554303196043308,1.791077490228774,1.3241231756693002
2024-03-21,1.3959649931902038,1.8085151507360253,1.328499096050835
2024-03-22,1.4033778366325849,1.8058615483062797,1.3259802219914363
2024-03-25,1.3917292799343948,1.7810947663134493,1.3223169474106236
2024-03-26,1.3824429503508584,1.7759984714247665,1.319874499265129
2024-03-27,1.4117681620219626,1.7750718248946076,1.3309665953543728
2024-03-28,1.396860997384362,1.772081105846918,1.3307121869271314
2024-04-01,1.3850494851804949,1.7882975506382968,1.3283971418139722
2024-04-02,1.3753560179198314,1.775113850272454,1.3199510842340048
2024-04-03,1.3819539582902942,1.7709439408867385,1.3214008703010915
2024-04-04,1.3751931879576873,1.760119143251332,1.3052717418404234
2024-04-05,1.381383990651023,1.7922988364582426,1.3189077631471091
2024-04-08,1.3721787621897266,1.788381731907586,1.3196456191608463
2024-04-09,1.3821170393395041,1.7955000739359528,1.3211721492517805
2024-04-10,1.3667210081848722,1.7827799578623813,1.3079430700902004
2024-04-11,1.4258606746747107,1.8024497923985499,1.3178140216341827
2024-04-12,1.438161053395609,1.7770515856292532,1.299623938377653
2024-04-15,1.4067176712377683,1.7422600543432518,1.2833421966716343
2024-04-16,1.3797546866813177,1.7462194452989468,1.2810016232355164
2024-04-17,1.3685136442908534,1.7346785195634014,1.2734204270641922
2024-04-18,1.3606931609972137,1.7027935260558003,1.2707999964053602
2024-04-19,1.3440755912676678,1.6811015138663528,1.2597081388985738
2024-04-22,1.3509179648966463,1.6888515416983767,1.271308813259843
2024-04-23,1.3595528490880728,1.7166933545217813,1.2863950182710449
2024-04-24,1.376822240840327,1.722969231289278,1.2857844062346713
2024-04-25,1.3839090477278209,1.6807646582756002,1.2808997485261397
2024-04-26,1.3791028646586092,1.7114280445265408,1.2930350066473075
2024-04-29,1.4133157371517635,1.6942850837185992,1.2976142788101663
2024-04-30,1.3874934411350528,1.639865873787872,1.2770584119045036
2024-05-01,1.379102864658609,1.6634952297933312,1.272911689737195
2024-05-02,1.4094872871166144,1.6757102582511685,1.2848178291716226
2024-05-03,1.4937975531439882,1.712860170213222,1.3007434467959953
2024-05-06,1.4801939070082717,1.7418390174832104,1.3141759572663851
2024-05-07,1.4858143654317373,1.7241484216273042,1.3156260614434154
2024-05-08,1.4885843579411822,1.729202821651736,1.3157532258932931
2024-05-09,1.5034911459481848,1.7367003056758936,1.3233345015921032
2024-05-10,1.4931317957891301,1.746893156480451,1.3250390937238605
2024-05-13,1.519478863773276,1.7425970404475997,1.3252170762371975
2024-05-14,1.5288592254629385,1.7545592640703778,1.331297350168032
2024-05-15,1.547538722176491,1.7852357016808982,1.3477826822378327
2024-05-16,1.5485175851023498,1.7764167674992961,1.3450097178611362
2024-05-17,1.5487623949914644,1.7731254756404862,1.3469431900971764
2024-05-20,1.5583059632738698,1.7947721996121926,1.3484950894560976
2024-05-21,1.5689919777054755,1.8103847579958183,1.3518023194827498
2024-05-22,1.5571640192988012,1.8166299640683028,1.3479100852701684
2024-05-23,1.5243730528590358,1.8017767337850243,1.338064423466687
2024-05-24,1.5496596546209511,1.8151107858132256,1.3469179003566756
2024-05-28,1.5497411323737897,1.8157860631578793,1.3478593467341946
2024-05-29,1.5521881013731367,1.8109334371525494,1.3384207066033051
2024-05-30,1.5603451668784252,1.7497490549836825,1.3295417809178438
2024-05-31,1.568175944741761,1.7516899226667801,1.341651590243539
2024-06-03,1.5826951798627649,1.7448962984647565,1.3427452522289793
2024-06-04,1.5853054809983878,1.7556563613566478,1.3442467311618698
2024-06-05,1.5977039092184644,1.7891602455065154,1.3602233259046734
2024-06-06,1.5863660727641506,1.7913118926468257,1.3601973999442856
2024-06-07,1.6060241813164962,1.7884849681618615,1.358544023513417
2024-06-10,1.5752725440248192,1.8054478202076036,1.3627416432716708
2024-06-11,1.6897145133785128,1.8257441200035978,1.36602342450285
2024-06-12,1.738003703408674,1.8611045600536784,1.3772426850419717
2024-06-13,1.7475473972346125,1.8632988851398142,1.38001580847364
2024-06-14,1.7332729720027227,1.8674762338004902,1.3808551415593247
2024-06-17,1.767368963466767,1.891950012770756,1.3918455219941637
2024-06-18,1.7479554137164697,1.8833841444514043,1.3953816321250985
2024-06-20,1.7103516104002494,1.8806836876407678,1.3915911930944083
2024-06-21,1.6924880211068787,1.8978997360623562,1.389725637331286
2024-06-24,1.6977899755874297,1.8889964900978689,1.3852079989699626
2024-06-25,1.7053761946487171,1.9028365433369747,1.390542225556017
2024-06-26,1.7394721861127613,1.907942365718151,1.3922778334072567
2024-06-27,1.7464055788030768,1.9108539935267876,1.394472792016779
2024-06-28,1.718019181670843,1.8859582641013097,1.3889853954929732
2024-07-01,1.7680214132071395,1.927226141037952,1.3918439314444468
2024-07-02,1.7967338468942609,1.9379859429026518,1.4012108377830976
2024-07-03,1.8071749258932193,1.9442731743529826,1.407463924940689
2024-07-05,1.8462467097393949,1.9729244324975204,1.4155798639268837
2024-07-08,1.858319226948118,1.9673546342832857,1.417213358486289
2024-07-09,1.8653339718477395,1.9390831707025173,1.418591410761137
2024-07-10,1.9004088262376422,1.9673969206883242,1.4326286482339476
2024-07-11,1.8562797722564965,1.9186602727186002,1.420275802911488
2024-07-12,1.880505907796182,1.9138076467132703,1.4292344151377732
2024-07-15,1.9119919747552023,1.9155376044255599,1.4331648225435636
2024-07-16,1.9154178066804082,1.89680250826249,1.4416634477916794
2024-07-17,1.866965410057504,1.8714849588953961,1.421449787657639
2024-07-18,1.82862755370454,1.858192932245042,1.4105263693658878
2024-07-19,1.829687894383237,1.8444367992480335,1.4011597811371805
2024-07-22,1.8268331599890986,1.8690373069198183,1.4156054717773285
2024-07-23,1.8353977398021124,1.877097043514669,1.4133849053173617
2024-07-24,1.782622377168049,1.8097941839748366,1.3813540970055624
2024-07-25,1.774057546267969,1.7654880810416347,1.3741567004809614
2024-07-26,1.777891394675032,1.7944768473449038,1.3895470185980625
2024-07-29,1.7801752826251689,1.8006374806073115,1.3903634477678217
2024-07-30,1.7847431840689758,1.7845609463906276,1.3833193802359438
2024-07-31,1.8114980174479132,1.7652771710708268,1.4058046634758683
2024-08-01,1.7811542710945607,1.7600446199881317,1.385897184162359
2024-08-02,1.793389618265428,1.7236717859754533,1.3600938551577066
2024-08-05,1.7070073817714169,1.6673819246761674,1.3204830435868709
2024-08-06,1.690366963118887,1.6862013326221221,1.3326571906486206
2024-08-07,1.7114938054623854,1.6812223694560606,1.3237497145957382
2024-08-08,1.7399615548039253,1.6991978764915916,1.3543513344592866
2024-08-09,1.7638616537887242,1.7132489702151015,1.360323530536848
2024-08-12,1.7764374750207592,1.7165826789925451,1.3610384826346598
2024-08-13,1.8069800823301925,1.746963894849373,1.3834213344728064
2024-08-14,1.8106548670810976,1.7589899396204962,1.3877858028963785
2024-08-15,1.8351539342612626,1.7797878031651382,1.4115726329697609
2024-08-16,1.8460154585518327,1.7689661378560304,1.414737667851709
2024-08-19,1.8447086759180942,1.781901470849071,1.4282643388653482
2024-08-20,1.8497719721426416,1.7957244268071275,1.4259418181685188
2024-08-21,1.848873582621359,1.7929344376697742,1.430842301846735
2024-08-22,1.8336025928254744,1.7566224229927372,1.4196123846245092
2024-08-23,1.8524667640758925,1.7618643710543296,1.4346958857011922
2024-08-26,1.8552435359361128,1.7479146863947541,1.431276203809545
2024-08-27,1.862184963412532,1.7493941885167095,1.4332414870399262
2024-08-28,1.8496086400063658,1.735697830746576,1.4249210033601194
2024-08-29,1.8765578147742,1.746350480949127,1.4250485654474265
2024-08-30,1.87010650925014,1.7633437426626895,1.4386522190673705
2024-09-03,1.8192296159202743,1.7307943044388856,1.4090460447442348
2024-09-04,1.8035502330119344,1.7285116216483953,1.4061620599972884
2024-09-05,1.816044953121729,1.72635579807302,1.402742059995698
2024-09-06,1.8033052975792865,1.698075590081333,1.379133689600568
2024-09-09,1.8040403549642943,1.7150688517948955,1.3945747462536424
2024-09-10,1.797507069513264,1.7509158465301076,1.4006492146780098
2024-09-11,1.8183314774860568,1.7882844992787175,1.415018240821796
2024-09-12,1.8192296159202743,1.8050243035892424,1.4269371841814456
2024-09-13,1.8170245693087859,1.8202001634813312,1.4343898639356325
2024-09-16,1.7665564457219736,1.8233705997504328,1.436508158048793
2024-09-17,1.770394437065622,1.83947623849898,1.437095389004326
2024-09-18,1.8022434503781957,1.8211300728513853,1.4328330338725885
2024-09-19,1.8690447875925815,1.8544405358522817,1.4572832822329507
2024-09-20,1.8635730982555776,1.8399835448458433,1.4547643286460663
2024-09-23,1.8494454334136234,1.8325437478310285,1.4583996890793447
2024-09-24,1.8567950029154332,1.8141973211562419,1.4625726553169844
2024-09-25,1.848628772732245,1.8266256088296113,1.4593468614358451
2024-09-26,1.8580201822528009,1.8232436100217224,1.4651328041415403
2024-09-27,1.860224852233691,1.8093360812535892,1.4630078297195679
2024-09-30,1.9027720577005598,1.8189741187624135,1.4688704369216248
2024-10-01,1.847322115642038,1.7783505874482213,1.4557116600575382
2024-10-02,1.851977018754131,1.763301717284843,1.4563262484682045
2024-10-03,1.8429121479625934,1.7608077329827574,1.453663509186899
2024-10-04,1.8521403508904064,1.7587783770817091,1.4668735017518744
2024-10-07,1.8104100571919826,1.7312170379756724,1.4536121344310384
2024-10-08,1.8437288086439718,1.753071800619079,1.4673600509103186
2024-10-09,1.8745162258425194,1.7646965160831263,1.477523822657209
2024-10-10,1.8704330479791587,1.757848467711655,1.4749379069272368
2024-10-11,1.8582651176854474,1.7598774320719162,1.4837699113960454
2024-10-14,1.8888892027477195,1.771798413398422,1.49590485140727
2024-10-15,1.9097134851769793,1.7701073487376795,1.4842822274599057
2024-10-16,1.8928087973877388,1.7590319649983424,1.490733497112241
2024-10-17,1.8958305046806063,1.761568496732658,1.490861536364463
2024-10-18,1.919104769154002,1.7676556508406323,1.496596104314298
2024-10-21,1.9311910961513419,1.7702766248714286,1.4941383868915197
2024-10-22,1.9261277999267936,1.8071802576782137,1.4933448616376859
2024-10-23,1.884479109524741,1.7948789597335546,1.4796995356151552
2024-10-24,1.8829276425454209,1.7954284219718604,1.48289972164585
2024-10-25,1.8897873411819364,1.8098854129782989,1.4823875646369613
2024-10-28,1.9060384493390081,1.8032910830370574,1.4869700974267404
2024-10-29,1.9082434959504977,1.8259491568625952,1.4893765991486296
2024-10-30,1.8790894001147072,1.8284005937324508,1.4848710489651558
2024-10-31,1.8448721335979017,1.7177323732579217,1.4557628757584269
2024-11-01,1.820372940874204,1.7347256349714844,1.4619070102604008
2024-11-04,1.8130231202853282,1.726651541881096,1.4587580399305948
2024-11-05,1.824782783010116,1.7393331564439076,1.4763972362926259
2024-11-06,1.8188213483513507,1.7761945028456543,1.5131088733667175
2024-11-07,1.8576933924367156,1.798387556729367,1.5248081618104432
2024-11-08,1.855485960498102,1.7861709621083806,1.5314133966753887
2024-11-11,1.8331672078534487,1.7670216157922507,1.5328722488758626
2024-11-12,1.8331672078534487,1.78824221287368,1.5281109382978877
2024-11-13,1.8404433343885243,1.7974154914678708,1.5288530887958611
2024-11-14,1.8657870584579004,1.8045594141610135,1.5190222191047482
2024-11-15,1.8394622116790742,1.7542977148244014,1.4995655015810496
2024-11-18,1.8641521050292151,1.7575104374985413,1.5057101132479385
2024-11-19,1.866277431497326,1.7660917064221968,1.5112140514888015
2024-11-20,1.8721639166669628,1.7563689655897001,1.5117262084976901
2024-11-21,1.8682399280032924,1.7487871697826582,1.5198416703189699
2024-11-22,1.879276334435164,1.766280559595315,1.524552242360971
2024-11-25,1.9038025190184307,1.7738623554023571,1.5297234376010282
2024-11-26,1.921706784416455,1.8128307132946513,1.5377110192250574
2024-11-27,1.9206438073235674,1.7916521415910691,1.5330516628839452
2024-11-29,1.9402647549901806,1.7936429959813573,1.5425752383697249
2024-12-02,1.958741122267535,1.8254954916036052,1.5453400909428645
2024-12-03,1.9837579309772932,1.8264272281640002,1.5460566335903934
2024-12-04,1.9867010480185787,1.8527732246659747,1.5556571916824782
2024-12-05,1.9869461089947589,1.874798699092684,1.5530968838029506
2024-12-06,1.9853111555660738,1.8788226942782984,1.5560409913292013
2024-12-09,2.017276924364225,1.8891998302801216,1.5480279609096994
2024-12-10,2.025615902448656,1.8778059933670397,1.5432151165208925
2024-12-11,2.015151472352582,1.901780035778999,1.55514503467359
2024-12-12,2.0271692525809697,1.9041944067876482,1.5471320042540881
2024-12-13,2.028559019489941,1.894494636348012,1.5468250281586984
2024-12-16,2.0523492678834705,1.9127927729923535,1.5534297858587285
2024-12-17,2.072297256453234,1.9249490703320817,1.5470295728523102
2024-12-18,2.0279049376836413,1.8526462349372645,1.5009228767095761
2024-12-19,2.042129898763577,1.851121183570376,1.5004617763466046
2024-12-20,2.080554380154227,1.849299996854624,1.5184839770805
2024-12-23,2.0869313639068223,1.843581804681968,1.5275771498128474
2024-12-24,2.1108849444366276,1.8608632404150507,1.5445559499323613
2024-12-26,2.1175887180053072,1.8556958156166585,1.5446590175540258
2024-12-27,2.089547314501425,1.8235893405369894,1.528398827796673
2024-12-30,2.061832700813627,1.7994458914776859,1.5109573367644704
2024-12-31,2.0472806988305416,1.7853410261527076,1.5054603969423623
2025-01-02,1.9935685303541333,1.7729729052470007,1.5017615735753738
2025-01-03,1.9895624362199604,1.7931770624443621,1.5205388082599507
2025-01-06,2.0029701089008523,1.81223765951535,1.5292979655517185
2025-01-07,1.9801607321297077,1.789026077530037,1.5120105987870978
2025-01-08,1.9841667007203478,1.7983023313513122,1.514219713289102
2025-01-10,1.9363406407829777,1.774539981991736,1.4911012322068218
2025-01-13,1.9163109233733098,1.7670853064270005,1.4934134143304905
2025-01-14,1.9071545313463034,1.7606470707463322,1.4954680864549694
2025-01-15,1.9446794933238747,1.8057147205110098,1.5226707811006779
2025-01-16,1.8661139738175168,1.7983867736477934,1.5197425790715977
2025-01-17,1.88017572830471,1.8172359386935897,1.535000722507212
2025-01-21,1.8201681793720779,1.8149909743322847,1.5490510024877022
2025-01-22,1.8298970499090135,1.889962682247556,1.557759103133553
2025-01-23,1.8285074085435744,1.8921225517444011,1.5662615457009899
2025-01-24,1.8213128853048701,1.8808981214786638,1.5616888743194568
2025-01-27,1.8791947311387927,1.8406590832176895,1.5395985245742747
2025-01-28,1.947867922428406,1.8941982399719572,1.552827444680883
2025-01-29,1.9568606056885383,1.8735703051290429,1.5458660857342912
2025-01-30,1.9423903325453569,1.7577667662006875,1.554162870223314
2025-01-31,1.929391429607519,1.7580634236039339,1.5458916935847355
2025-02-03,1.8640701251022451,1.7405274863590474,1.5354883850504581
2025-02-04,1.9032304171391003,1.7466693256636605,1.5457887850180427
2025-02-05,1.9005324866175275,1.7505663311205644,1.552056505233031
2025-02-06,1.9066640327633448,1.7612824109306724,1.5574510136533615
2025-02-07,1.8609636759246835,1.7355717546130378,1.5431947574845137
2025-02-10,1.863173242103356,1.7460339854793205,1.5536748895701245
2025-02-11,1.9038497233867928,1.7427300338017182,1.554856668009889
2025-02-12,1.9386331912368828,1.7325644603386823,1.5498473907310268
2025-02-13,1.9767724377208324,1.7389179926956786,1.5662100118901574
2025-02-14,2.0018985948477277,1.7299806826826882,1.5661330292838525
2025-02-18,2.0008346134065773,1.735105951589638,1.5707308313509152
2025-02-19,2.004108286569934,1.7568350296402921,1.5744301318828189
2025-02-20,2.0119653030316416,1.7661298163921704,1.56787961192814
2025-02-21,2.009673631382466,1.7325156482538542,1.5410626255888147
2025-02-24,2.0223595542928363,1.7146478149348554,1.5340502099963058
2025-02-25,2.0218684279922137,1.6887583549909788,1.526420979223527
2025-02-26,1.96719673029401,1.6965253495904566,1.5271916005614357
2025-02-27,1.9421525530940842,1.6659670267841324,1.5028146765430295
2025-02-28,1.9793095469767872,1.6848960661505568,1.5262670140109171
2025-03-03,1.9481271698238023,1.648820542109104,1.4995268512229252
2025-03-04,1.9309398835420508,1.6493298061599044,1.481777270710531
2025-03-05,1.92938490134381,1.702000133906951,1.4977029678623894
2025-03-06,1.9260294993405496,1.6844718969642165,1.4711169293419792
2025-03-07,1.9566390213530072,1.6692775041415246,1.4793624981301132
2025-03-10,1.8617819686719908,1.6134664972252175,1.4399588556599225
2025-03-11,1.8074376885075363,1.6146976319743709,1.4279886965993838
2025-03-12,1.775846039437365,1.6266659897361513,1.4355663935613305
2025-03-13,1.7160999976837201,1.6075670216679994,1.416429376530758
2025-03-14,1.7472825003802381,1.6491177215667334,1.4456869023559176
2025-03-17,1.7514565717614035,1.6497118194548017,1.456835224377659
2025-03-18,1.7407351540535252,1.6277270652699811,1.4410889412338834
2025-03-19,1.7616051343287535,1.6459770423974733,1.4567838496217984
2025-03-20,1.7522752411393083,1.641817835126613,1.4525711196412325
2025-03-21,1.786403873921901,1.6605769457913098,1.4530503522709783
2025-03-24,1.806537290289727,1.6683012624449622,1.4790722228067528
2025-03-25,1.8312543010429698,1.67712933257827,1.4826275785892638
2025-03-26,1.8130848877035048,1.6551020309612194,1.4649277822830131
2025-03-27,1.8320728448773418,1.6576908986474497,1.4610372976751207
2025-03-28,1.7833756383653234,1.607694402937497,1.4316145137343603
2025-03-31,1.8179955229920723,1.5932218808131584,1.4412246151247474
2025-04-01,1.8266710832881514,1.6220822217381634,1.4452953090155813
2025-04-02,1.8324001368675575,1.621870137144993,1.4544417651634496
2025-04-03,1.6629834077272907,1.5835450807663825,1.3827657098794404
2025-04-04,1.5417728843419523,1.5272249403128713,1.3018143639204822
2025-04-07,1.4851370580718544,1.5188214309066912,1.299495581015488
2025-04-08,1.4111502367531314,1.5048156254009228,1.2791419525063477
2025-04-09,1.6274635015133314,1.6573090158661477,1.413476520981064
2025-04-10,1.55846904432308,1.618517242868967,1.351539242559551
2025-04-11,1.6217343223903926,1.6486508744345676,1.375654521149503
2025-04-14,1.6575000428417288,1.6459346254788394,1.3890005057152857
2025-04-15,1.654389827358181,1.6371068163727232,1.3851100211073932
2025-04-16,1.5899788390098137,1.5771788885905942,1.3543217502345495
2025-04-17,1.6121584894200363,1.560923681261264,1.3562541090857876
2025-04-21,1.5808941323400814,1.5241690949808793,1.323971596281266
2025-04-22,1.6347475372909785,1.556849307827672,1.358418370085771
2025-04-23,1.674523494813073,1.5889778397050305,1.3794675459861754
2025-04-24,1.7053787055193752,1.6437699269789499,1.4085041444556372
2025-04-25,1.7128263245203632,1.6630811101538678,1.4186809587102074
2025-04-28,1.7198649226912321,1.6601526460913738,1.4192220637239463
2025-04-29,1.7286222118272156,1.672375896905746,1.4281620665185424
2025-04-30,1.7391800463117517,1.6775537627918022,1.4287287793827255
2025-05-01,1.7458912269488713,1.8054731398451889,1.438854218881435
2025-05-02,1.680661694766132,1.8474057225252256,1.4602127567018048
2025-05-05,1.627790667960014,1.8511830470147836,1.4518393077164204
2025-05-06,1.6246805780199995,1.8390446300376795,1.4397045267601676
2025-05-07,1.606183998233852,1.8392144282258114,1.4457591133130718
2025-05-08,1.6163325608012016,1.8596715207718275,1.4558330190009492
2025-05-09,1.6248442867868742,1.862048042837696,1.4539778018109877
2025-05-12,1.727447124359467,1.9067392913920946,1.5020281497079508
2025-05-13,1.7449845515544187,1.9062300273412947,1.5119472949083597
2025-05-14,1.7400675135456747,1.9223578534011272,1.513879653759598
2025-05-15,1.732855916386499,1.9266949507030589,1.5212739603391694
2025-05-16,1.7312987999481988,1.931542225650961,1.530909669580001
2025-05-19,1.7109749340409954,1.951101123630702,1.5325843593770778
2025-05-20,1.6952403119781885,1.9481248915921463,1.5274316145137383
2025-05-21,1.6561495710585483,1.9243137301477418,1.5016931799375415
2025-05-22,1.6501670450862587,1.9340508274757762,1.5022858187621124
2025-05-23,1.6002590967431545,1.9141516805517924,1.4920313856813505
2025-05-27,1.6407428687036214,1.9588396662662961,1.523051876812883
2025-05-28,1.6424638194523284,1.944680768312658,1.5142403904354242
2025-05-29,1.6386121438635972,1.9502933749863138,1.5202175172171084
2025-05-30,1.6459878264202454,1.957436514597882,1.5185173786245587
2025-06-02,1.6529536093420443,1.9642823442382242,1.5270710368928844
2025-06-03,1.665819812765629,1.9685343466756964,1.5357791375387349
2025-06-04,1.6621320970308373,1.9723610053044656,1.5353670261070484
2025-06-05,1.6441848957445686,1.9885610053827738,1.527946952622061
2025-06-06,1.6711466248656899,2.0000413728098696,1.5436372484157967
2025-06-09,1.6509048644289896,2.0101185885685506,1.5450285022532961
2025-06-10,1.6609026492133516,2.0023374985007267,1.5537884548199226
2025-06-11,1.6290237565399532,2.0095657329767547,1.5493570242532628
2025-06-12,1.6324657835809007,2.0361405198121614,1.5555145193728597
2025-06-13,1.6099292129067022,2.0195153064387465,1.5381236078216594
2025-06-16,1.6260736090608268,2.037288647914388,1.5527579376582485
2025-06-17,1.6032910986057183,2.032611432181809,1.539489412863686
2025-06-18,1.6109944497831818,2.0419657331333707,1.5392575107149407
2025-06-20,1.6472168976071326,2.029890223709441,1.5356425093180404
2025-06-23,1.6513146385203075,2.066457000925474,1.55081062763967
2025-06-24,1.6414804369592866,2.0839326408891026,1.567942756751907
2025-06-25,1.6518062669950622,2.0931168826253406,1.568821376415603
2025-06-26,1.6472168976071329,2.1151422265384543,1.5810954895270688
2025-06-27,1.6478726114793607,2.108721740706814,1.5889508964696115
2025-06-30,1.6813906005180292,2.1149721673231303,1.596547998138106
2025-07-01,1.7031076230095927,2.0921814916842627,1.5960313875900098
2025-07-02,1.7409690416552803,2.08809967897571,1.6032667982528483
2025-07-03,1.7500656749606363,2.1210525347241225,1.6159027614249422
2025-07-07,1.7205630702775736,2.1162902241270842,1.603860709517193
2025-07-08,1.721054949839394,2.1116130083945053,1.6029824079634407
2025-07-09,1.730315417455157,2.1409091342158764,1.6125948951784033
2025-07-10,1.7407231018743694,2.1322776175578393,1.6171427539843504
2025-07-11,1.7304792517655643,2.140101255057893,1.6114581292956307
2025-07-14,1.7096636318400733,2.138825615172573,1.6145329800086223
2025-07-15,1.713679392826278,2.150731195894776,1.6076336525009955
2025-07-16,1.7222842721133464,2.1498806387909664,1.613008279049863
2025-07-17,1.7211368042228314,2.175732771846445,1.6228793896488172
2025-07-18,1.7306430860759718,2.168717013504375,1.6216907718452693
2025-07-21,1.7412967102760952,2.168759430423009,1.6247657816132328
2025-07-22,1.7570314578824349,2.1483925227716885,1.6249983199818647
2025-07-23,1.7549827129693805,2.150943802542329,1.6388229009575064
2025-07-24,1.7517863746222782,2.1722461011347267,1.6393655965209624
2025-07-25,1.7527700082023858,2.1842794546672137,1.6462908499889772
2025-07-28,1.7541632903302788,2.1791343476937026,1.6458774661175173
2025-07-29,1.7313807798751701,2.1794320492057153,1.641536219719814
2025-07-30,1.713187513264458,2.1822807694611774,1.6394689822525703
2025-07-31,1.7010588780965383,2.2684257463126336,1.6333189627166433
2025-08-01,1.6585263612230172,2.2284998101679765,1.6065481023191124
2025-08-04,1.6664755266378575,2.277524893184412,1.6309674940149637
2025-08-05,1.6629515196699403,2.243976634411973,1.6226985441459891
2025-08-06,1.747607155956265,2.2320288977983287,1.6351277358548668
2025-08-07,1.8031698361073114,2.214595935780526,1.633758272548491
2025-08-08,1.8795483872709147,2.219698234294616,1.6464974623972208
2025-08-11,1.8638777924098755,2.218550236705985,1.6432416071264293
2025-08-12,1.8841426528566265,2.250312286406346,1.6607355862992943
2025-08-13,1.9143349937093268,2.2134904856241255,1.6664205290979572
2025-08-14,1.9098224569635194,2.2215687551495797,1.6665754486403974
2025-08-15,1.9000591874985753,2.2117468239842775,1.6626735120745422
2025-08-18,1.8943161985870194,2.1986931151598488,1.6623119801238577
2025-08-19,1.891608726756948,2.1675264684835147,1.6532935632282115
2025-08-20,1.8542786083424045,2.1503059825996695,1.6489006239647044
2025-08-21,1.845171806010885,2.1475375282056226,1.6422856867464852
2025-08-22,1.868636394480126,2.160272000774732,1.6675059202248688
2025-08-25,1.8637137070124026,2.1476228840972738,1.6601671238304223
2025-08-26,1.8813532010995846,2.1381679571633527,1.6671181442038534
2025-08-27,1.8910344906375587,2.1581849578643415,1.6709166950381007
2025-08-28,1.9080176431348488,2.170535981488999,1.676834017150424
2025-08-29,1.9045717242443823,2.1579720901895967,1.6668339129694174
2025-09-02,1.8847171400630809,2.1512854871361267,1.6544823400867315
2025-09-03,1.95650569412109,2.1522651221861793,1.66344874600663
2025-09-04,1.967253350427339,2.1634236430860394,1.6773509458084637
2025-09-05,1.9665149033669445,2.1081849382873026,1.6724929298076925
2025-09-08,1.9516649865803366,2.1218135595012177,1.6766016378367636
2025-09-09,1.9227034745239828,2.1227079691732147,1.6804776484422312
2025-09-10,1.8606780643873848,2.131055488246798,1.6853355053880308
2025-09-11,1.8872604009521459,2.1337812646950196,1.6993412499764438
2025-09-12,1.9204062789593608,2.171643389349338,1.6987724693976285
2025-09-15,1.9419836970423625,2.194897257739689,1.7078166531986907
2025-09-16,1.9538802022179889,2.1679806557968897,1.7054653435519829
2025-09-17,1.9607720399989217,2.1721543500768834,1.7033464132189353
2025-09-18,1.9516649865803368,2.1654678775370093,1.7113050468381144
2025-09-19,2.0141826529093545,2.2058426499376123,1.719781086280248
2025-09-22,2.100985209151445,2.1910215259988997,1.727917384302821
2025-09-23,2.087447975544621,2.168789970604427,1.7185115094961025
2025-09-24,2.070054672325415,2.172707988750254,1.713043835788788
2025-09-25,2.1074666451233957,2.1594201385349656,1.705140712354734
2025-09-26,2.095898561829781,2.1782873144569823,1.7149097096618535
2025-09-29,2.087447975544621,2.1916602595367305,1.7197292343594721
2025-09-30,2.0890889550628846,2.2059280058292634,1.726207225247054
2025-10-01,2.095816456359278,2.2134239236902706,1.7320893962106305
2025-10-02,2.109599880834078,2.196515626327572,1.7340842636657487
2025-10-03,2.116901743793394,2.2033722885963654,1.7340586558153044
2025-10-06,2.1059898765461385,2.251158275534304,1.7402773870990078
2025-10-07,2.104267168187971,2.2316094271014393,1.733825322171814
2025-10-08,2.117230165675406,2.235314708086117,1.744164213442551
2025-10-09,2.0842481219785984,2.224880407129335,1.7391113551014419
2025-10-10,2.012295608066648,2.176157854627957,1.6921069526984076
2025-10-13,2.0319042524670397,2.1893179320329605,1.7180707681695098
2025-10-14,2.032806659381375,2.1872736975819915,1.715971878762897
2025-10-15,2.0456875513983066,2.186677380962795,1.7235901347426283
2025-10-16,2.0301812930218066,2.1789260479948127,1.7118520368858066
2025-10-17,2.0698904613844094,2.187316506041413,1.7215690232171788
2025-10-20,2.1515243903778662,2.2009872831467705,1.7394741594918997
2025-10-21,2.155872465095602,2.20469282515864,1.7394480744765402
2025-10-22,2.1204297681543633,2.216958753918838,1.7304050040602799
2025-10-23,2.1297004047962895,2.2170438487832977,1.7406661174498534
2025-10-24,2.156283243535182,2.230033605945786,1.754891835064134
2025-10-27,2.205427510567783,2.2637222973473023,1.775595543565996
2025-10-28,2.20698625907201,2.308654212972351,1.780311523477035
2025-10-29,2.212729373527099,2.3064393972516752,1.7811666030049187
2025-10-30,2.226676757855839,2.2391904398269067,1.7615770745798467
2025-10-31,2.218226422657745,2.205331558696471,1.7673555417018718
2025-11-03,2.207396284250393,2.202009726656245,1.7706723150268262
2025-11-04,2.2155189508276734,2.1905106957849503,1.7496835800156696
2025-11-05,2.2163395033585713,2.1599737772083367,1.7557469145920177
2025-11-06,2.213303609646488,2.117128643466487,1.7369089209082498
2025-11-07,2.2026379332672086,2.1159361407416895,1.738618920909045
2025-11-10,2.2126570604521607,2.1550333155530357,1.7657490864876566
2025-11-11,2.2604529899416397,2.1664473820734664,1.7697911504835837
2025-11-12,2.2458349520602594,2.17692449148967,1.7707758598134062
2025-11-13,2.2415647143329087,2.1434916067359158,1.7413915671757982
2025-11-14,2.2371297634904206,2.17283576156054,1.7411066997214755
2025-11-17,2.196478516457093,2.16137914760788,1.7248856374871617
2025-11-18,2.196314556603153,2.103031608957257,1.7104009783789462
2025-11-19,2.2055121269089435,2.0746241502096683,1.7170085990684671
2025-11-20,2.18654174582971,2.0414274950643065,1.690837375914262
2025-11-21,2.2295743025946893,2.014503192819355,1.7076801840329687
2025-11-24,2.265955311900666,2.0225250804714245,1.7328146868816037
2025-11-25,2.274578395000002,2.0352830454877773,1.7491133679421091
2025-11-26,2.2793412655503706,2.071594668624027,1.7611885032839727
2025-11-28,2.290017487586412,2.099372529785491,1.7708017857737937
2025-12-01,2.3249200962492047,2.076885689797639,1.7627173396719964
2025-12-02,2.350296210550063,2.0907959593512837,1.7659822610761748
2025-12-03,2.3335429282614744,2.0384406914244906,1.7720974475732985
2025-12-04,2.3052102637613126,2.051710791790751,1.7733929503178318
2025-12-05,2.2894424982058257,2.061610117518361,1.776761575563562
2025-12-08,2.2821336048086684,2.095148196230328,1.7714236907131584
2025-12-09,2.2763026098805637,2.0994150772177207,1.7698946952701629
2025-12-10,2.2894424982058257,2.0419821778464438,1.7816331112369281
2025-12-11,2.2832833324827755,2.062932872811764,1.7857788790744062
2025-12-12,2.285336471419481,2.0418542745225627,1.7665780810001803
2025-12-15,2.251090706520712,2.026023888947552,1.7639091385749786
2025-12-16,2.2551969843941224,2.0327230213062184,1.75908961387736
2025-12-17,2.2324487473234895,2.0315708472825222,1.7397332600408069
2025-12-18,2.2353231920522907,2.0651090565080845,1.752870564483713
2025-12-19,2.247477563644451,2.073386881321512,1.768757611277447
2025-12-22,2.225304064867339,2.0691200003341192,1.7797767806621645
2025-12-23,2.2367192361379065,2.077355147201721,1.787911170025077
2025-12-24,2.2486270402314923,2.0823472922409576,1.7942003626612455
2025-12-26,2.245259962679674,2.0810246674611506,1.7940184037736155
2025-12-29,2.2482167639660435,2.07842183482017,1.7876251891859525
2025-12-30,2.2426320854494484,2.0800433357343526,1.7854423187542798
2025-12-31,2.2326129582644967,2.063572911485553,1.7722140348675584
2026-01-02,2.2256324867493515,2.018002131809078,1.7754625736096517
2026-01-05,2.1948361559599694,2.017618030296647,1.7872873564260523
2026-01-06,2.1545954362791564,2.0417689186309116,1.797916682075122
2026-01-07,2.1379242594610712,2.0629328728117646,1.7921213551260962
2026-01-08,2.1273306450696645,2.0400620618250778,1.7919393962384662
2026-01-09,2.1300406277703936,2.0450544678915064,1.8037901050152547
2026-01-12,2.1372676667841137,2.036093795944869,1.8066228740613122
2026-01-13,2.1438373598596785,2.008316195810596,1.8030105765989308
2026-01-14,2.134885854878331,1.9601425834931403,1.7941483516854986
2026-01-15,2.12051413340846,1.9485365314732923,1.7990342023063182
2026-01-16,2.0985052222029523,1.9621906028383875,1.7975268383394745
2026-01-20,2.0259900221766385,1.9394051477433523,1.7609349696590764
2026-01-21,2.033791799483879,1.8949864115769774,1.7812580596136496
2026-01-22,2.039540437854414,1.924983003866991,1.7905619801835055
2026-01-23,2.036994540551158,1.9881762513023664,1.7912115606879468
2026-01-26,2.097519705469851,2.006652016950588,1.8003075964097848
2026-01-27,2.1210067662314773,2.0506014262264762,1.8074804984687436
2026-01-28,2.105978577628181,2.0550816969429975,1.8072985395811136
2026-01-29,2.121089122789046,1.8497143775212819,1.8037121680791202
2026-01-30,2.1309440390329923,1.8360174976967654,1.7983324517711583
2026-02-02,2.2174204331766627,1.8064903628108333,1.8072726136207258
2026-02-03,2.2130678388917433,1.7546044217745265,1.7919914072142142
2026-02-04,2.2706360769805336,1.7673199698722453,1.783311141188412
2026-02-05,2.2658732064301654,1.6797625748870735,1.7610389916105718
2026-02-06,2.284022281717304,1.7116364747390318,1.7948240172053003
2026-02-09,2.2573894766523255,1.764802493122916,1.803478357270715
2026-02-10,2.249662523290681,1.763394251424266,1.7987222955068065
2026-02-11,2.264623043929755,1.7254185799416042,1.7983066848657425
2026-02-12,2.151433245772998,1.7146232783788473,1.7705248710680577
2026-02-13,2.102523745146881,1.7124045472502976,1.7717721801561646
2026-02-17,2.169106259983459,1.6933739683063433,1.7746308751626099
2026-02-18,2.1729697366642813,1.7050653762178425,1.7835710370121776
2026-02-19,2.1419798177472,1.7040816952463198,1.7788669862240165
2026-02-20,2.174860171182375,1.6988214752813156,1.7917315113904497
2026-02-23,2.188012111686793,1.6442511306066552,1.7734355770502508
2026-02-24,2.237003968870479,1.6636244382531729,1.7863257100671284
2026-02-25,2.2541838480837906,1.7132338306379917,1.8013993497355654
2026-02-26,2.2436620445931905,1.7180236796037434,1.7913935195755775
2026-02-27,2.171572186056271,1.6796191404452925,1.782791349540882
2026-03-02,2.1760109032047454,1.7044665798403258,1.7838050068755547
2026-03-03,2.168037633431592,1.7274750826705783,1.7680819457576478
2026-03-04,2.1579268594676386,1.732906536473268,1.78055630907849
2026-03-05,2.139596248231957,1.7563426018433521,1.7706287339645808
2026-03-06,2.11633328267652,1.7489867250706346,1.7474208639882027
2026-03-09,2.1362259065482836,1.7509112785542578,1.7627283144650456
2026-03-10,2.144034965380431,1.735301460956144,1.7598953863640163
2026-03-11,2.1438705033523595,1.7315379709077403,1.757686430916984
2026-03-12,2.1023592831188096,1.7186223454676648,1.7309960523351355
2026-03-13,2.0559983162101387,1.6916365713190933,1.721198425133109
2026-03-16,2.0781925296701758,1.7104540215611113,1.7387148310569842
2026-03-17,2.089782708625577,1.7081445834834823,1.7432886158233192
2026-03-18,2.054518785675158,1.6755563827217266,1.718963384670717
2026-03-19,2.046463159344436,1.6637099246584204,1.7147272736093107
2026-03-20,2.0384896384842164,1.633131763785535,1.6901453277323772
2026-03-23,2.0672598221964624,1.6379644212107078,1.707891886200309
2026-03-24,2.0684927852328685,1.5940857503037413,1.7021587497452195
2026-03-25,2.0765484115635906,1.5868154904498668,1.7116444701477336
2026-03-26,2.0787678956813602,1.5651327447257206,1.6810766494656724
2026-03-27,2.0451478397504608,1.5257873330551688,1.6524111262451973
2026-03-30,2.0273103635119285,1.5351532497167564,1.6468863518030408
2026-03-31,2.086165799443329,1.5830948088608847,1.6947579219118085
2026-04-01,2.1012907821104747,1.5796733949470652,1.707527014095219
2026-04-02,2.1036746027127835,1.597164957569381,1.7090645985066866
2026-04-06,2.1278413561614173,1.594684546681258,1.7171430005195591
2026-04-07,2.083782104384553,1.5921613273337136,1.7178986706901274
2026-04-08,2.1281702802175606,1.600885639158363,1.76165278474638
2026-04-09,2.1412401152514753,1.5954971243286906,1.7718159202733836
2026-04-10,2.1411580097809724,1.5860883992076815,1.7706433670219779
2026-04-13,2.130636457377438,1.6438234375532286,1.7879467983387407
2026-04-14,2.127594788662842,1.681201487280736,1.8097327168680801
2026-04-15,2.190067259320023,1.7586520399209804,1.8240133084475985
2026-04-16,2.165160426745067,1.7973131688087682,1.8284954775502318
2026-04-17,2.2213034946486134,1.8081331374411307,1.8505940981539424
2026-04-20,2.2444838525594157,1.7879472521471809,1.8468935251822651
2026-04-21,2.1879302573033543,1.8139921537836514,1.8348020071783158
2026-04-22,2.2454706247278455,1.8514558204300016,1.8533824908628942
2026-04-23,2.247607626744514,1.7780253475674976,1.846190025042416
2026-04-24,2.228126032399396,1.8159593852131002,1.8604967016372942
2026-04-27,2.1997667526702642,1.8168147713199543,1.8637019774270838
2026-04-28,2.225249076799938,1.8357603859130445,1.854633299160379
2026-04-29,2.2208103596514635,1.815275102430336,1.8543466821013674
2026-04-30,2.230510104088771,1.743940286375545,1.8727967407091484
2026-05-01,2.3027641735666964,1.7724229209543132,1.8779827280615742
2026-05-04,2.2755556258599343,1.7689160206352463,1.8711029643154669
2026-05-05,2.3359731999709497,1.759336322703743,1.8861133001051655
2026-05-06,2.3633459586187175,1.7703700726060212,1.9123292177064195
2026-05-07,2.3627704670639997,1.7994941815081318,1.906465815229504
2026-05-08,2.4111044761353986,1.7753310248958627,1.9222057361744116
2026-05-11,2.40806004546308,1.7648104544522587,1.9265837242705783
2026-05-12,2.4255025617471744,1.7438974779161234,1.9236650655398004
2026-05-13,2.4589890393590905,1.7329492144190926,1.9344276792551585
